image_id,split,file_name,width,height,actual_count,mean_mask_area,mean_box_area,mask_density,image_path,label_path
3477024fd843e46097840360f9cdee24b76bf5c593ed27a9aee7a5728a06aa51,train,train_001_3477024fd843e46097840360f9cdee24b76bf5c593ed27a9aee7a5728a06aa51.png,696,520,23,1933.4783,2644.8696,6.35499557913351e-05,data\processed\yolo\images\train\train_001_3477024fd843e46097840360f9cdee24b76bf5c593ed27a9aee7a5728a06aa51.png,data\processed\yolo\labels\train\train_001_3477024fd843e46097840360f9cdee24b76bf5c593ed27a9aee7a5728a06aa51.txt
0e21d7b3eea8cdbbed60d51d72f4f8c1974c5d76a8a3893a7d5835c85284132e,train,train_002_0e21d7b3eea8cdbbed60d51d72f4f8c1974c5d76a8a3893a7d5835c85284132e.png,320,256,29,290.2069,435.7241,0.00035400390625,data\processed\yolo\images\train\train_002_0e21d7b3eea8cdbbed60d51d72f4f8c1974c5d76a8a3893a7d5835c85284132e.png,data\processed\yolo\labels\train\train_002_0e21d7b3eea8cdbbed60d51d72f4f8c1974c5d76a8a3893a7d5835c85284132e.txt
3b3f516ebc9a16cff287a5ffd3a1861a345a6d38bedbba74f1c0b0e0eac62afd,train,train_003_3b3f516ebc9a16cff287a5ffd3a1861a345a6d38bedbba74f1c0b0e0eac62afd.png,256,256,40,390.15,531.05,0.0006103515625,data\processed\yolo\images\train\train_003_3b3f516ebc9a16cff287a5ffd3a1861a345a6d38bedbba74f1c0b0e0eac62afd.png,data\processed\yolo\labels\train\train_003_3b3f516ebc9a16cff287a5ffd3a1861a345a6d38bedbba74f1c0b0e0eac62afd.txt
5e263abff938acba1c0cff698261c7c00c23d7376e3ceacc3d5d4a655216b16d,train,train_004_5e263abff938acba1c0cff698261c7c00c23d7376e3ceacc3d5d4a655216b16d.png,1024,1024,78,245.8205,334.9231,7.43865966796875e-05,data\processed\yolo\images\train\train_004_5e263abff938acba1c0cff698261c7c00c23d7376e3ceacc3d5d4a655216b16d.png,data\processed\yolo\labels\train\train_004_5e263abff938acba1c0cff698261c7c00c23d7376e3ceacc3d5d4a655216b16d.txt
bf7691b0a79811fa068b7408cbce636a73f01ef9e971a95da1a2d96df73782b6,train,train_005_bf7691b0a79811fa068b7408cbce636a73f01ef9e971a95da1a2d96df73782b6.png,256,256,72,83.1667,108.125,0.0010986328125,data\processed\yolo\images\train\train_005_bf7691b0a79811fa068b7408cbce636a73f01ef9e971a95da1a2d96df73782b6.png,data\processed\yolo\labels\train\train_005_bf7691b0a79811fa068b7408cbce636a73f01ef9e971a95da1a2d96df73782b6.txt
eb1df8ed879d04b36980b0958a0e8fc446ad08c0bdcf3b5f42e3db023187c7e5,train,train_006_eb1df8ed879d04b36980b0958a0e8fc446ad08c0bdcf3b5f42e3db023187c7e5.png,320,256,59,464.1695,642.4237,0.00072021484375,data\processed\yolo\images\train\train_006_eb1df8ed879d04b36980b0958a0e8fc446ad08c0bdcf3b5f42e3db023187c7e5.png,data\processed\yolo\labels\train\train_006_eb1df8ed879d04b36980b0958a0e8fc446ad08c0bdcf3b5f42e3db023187c7e5.txt
cab4875269f44a701c5e58190a1d2f6fcb577ea79d842522dcab20ccb39b7ad2,train,train_007_cab4875269f44a701c5e58190a1d2f6fcb577ea79d842522dcab20ccb39b7ad2.png,256,256,14,117.1429,146.9286,0.000213623046875,data\processed\yolo\images\train\train_007_cab4875269f44a701c5e58190a1d2f6fcb577ea79d842522dcab20ccb39b7ad2.png,data\processed\yolo\labels\train\train_007_cab4875269f44a701c5e58190a1d2f6fcb577ea79d842522dcab20ccb39b7ad2.txt
876423522bdec1602917b94163a21e05fc7b692045219b7bc96cdaf638c33c25,train,train_008_876423522bdec1602917b94163a21e05fc7b692045219b7bc96cdaf638c33c25.png,696,520,119,648.0336,890.2269,0.0003288019451812555,data\processed\yolo\images\train\train_008_876423522bdec1602917b94163a21e05fc7b692045219b7bc96cdaf638c33c25.png,data\processed\yolo\labels\train\train_008_876423522bdec1602917b94163a21e05fc7b692045219b7bc96cdaf638c33c25.txt
00ae65c1c6631ae6f2be1a449902976e6eb8483bf6b0740d00530220832c6d3e,train,train_009_00ae65c1c6631ae6f2be1a449902976e6eb8483bf6b0740d00530220832c6d3e.png,320,256,70,419.6429,588.8857,0.0008544921875,data\processed\yolo\images\train\train_009_00ae65c1c6631ae6f2be1a449902976e6eb8483bf6b0740d00530220832c6d3e.png,data\processed\yolo\labels\train\train_009_00ae65c1c6631ae6f2be1a449902976e6eb8483bf6b0740d00530220832c6d3e.txt
b0e35e06b85da49bfe3ea737711a72b551a6add446e30eabb01aa683a79873c5,train,train_010_b0e35e06b85da49bfe3ea737711a72b551a6add446e30eabb01aa683a79873c5.png,320,256,15,1059.0,1564.4,0.00018310546875,data\processed\yolo\images\train\train_010_b0e35e06b85da49bfe3ea737711a72b551a6add446e30eabb01aa683a79873c5.png,data\processed\yolo\labels\train\train_010_b0e35e06b85da49bfe3ea737711a72b551a6add446e30eabb01aa683a79873c5.txt
8b77284d6f37ab3fc826139ebadaec3b9d81c552fe525c3547bbbd6c65ac0d83,train,train_011_8b77284d6f37ab3fc826139ebadaec3b9d81c552fe525c3547bbbd6c65ac0d83.png,256,256,7,252.2857,315.0,0.0001068115234375,data\processed\yolo\images\train\train_011_8b77284d6f37ab3fc826139ebadaec3b9d81c552fe525c3547bbbd6c65ac0d83.png,data\processed\yolo\labels\train\train_011_8b77284d6f37ab3fc826139ebadaec3b9d81c552fe525c3547bbbd6c65ac0d83.txt
b560dba92fbf2af785739efced50d5866c86dc4dada9be3832138bef4c3524d2,train,train_012_b560dba92fbf2af785739efced50d5866c86dc4dada9be3832138bef4c3524d2.png,256,256,23,71.1304,89.7826,0.0003509521484375,data\processed\yolo\images\train\train_012_b560dba92fbf2af785739efced50d5866c86dc4dada9be3832138bef4c3524d2.png,data\processed\yolo\labels\train\train_012_b560dba92fbf2af785739efced50d5866c86dc4dada9be3832138bef4c3524d2.txt
a31deaf0ac279d5f34fb2eca80cc2abce6ef30bd64e7aca40efe4b2ba8e9ad3d,train,train_013_a31deaf0ac279d5f34fb2eca80cc2abce6ef30bd64e7aca40efe4b2ba8e9ad3d.png,320,256,87,414.7701,607.7816,0.00106201171875,data\processed\yolo\images\train\train_013_a31deaf0ac279d5f34fb2eca80cc2abce6ef30bd64e7aca40efe4b2ba8e9ad3d.png,data\processed\yolo\labels\train\train_013_a31deaf0ac279d5f34fb2eca80cc2abce6ef30bd64e7aca40efe4b2ba8e9ad3d.txt
212b858a66f0d23768b8e3e1357704fc2f4cf4bbe7eed8cd59b5d01031d553e6,train,train_014_212b858a66f0d23768b8e3e1357704fc2f4cf4bbe7eed8cd59b5d01031d553e6.png,696,520,100,502.74,693.75,0.00027630415561450045,data\processed\yolo\images\train\train_014_212b858a66f0d23768b8e3e1357704fc2f4cf4bbe7eed8cd59b5d01031d553e6.png,data\processed\yolo\labels\train\train_014_212b858a66f0d23768b8e3e1357704fc2f4cf4bbe7eed8cd59b5d01031d553e6.txt
ba3997edd3fcb2f823ecdf870d2b607f08bff848f72a5cf72340bae5aca7c5ce,train,train_015_ba3997edd3fcb2f823ecdf870d2b607f08bff848f72a5cf72340bae5aca7c5ce.png,256,256,43,141.5581,183.1395,0.0006561279296875,data\processed\yolo\images\train\train_015_ba3997edd3fcb2f823ecdf870d2b607f08bff848f72a5cf72340bae5aca7c5ce.png,data\processed\yolo\labels\train\train_015_ba3997edd3fcb2f823ecdf870d2b607f08bff848f72a5cf72340bae5aca7c5ce.txt
317832f90f02c5e916b2ac0f3bcb8da9928d8e400b747b2c68e544e56adacf6b,train,train_016_317832f90f02c5e916b2ac0f3bcb8da9928d8e400b747b2c68e544e56adacf6b.png,256,256,41,128.7805,168.0488,0.0006256103515625,data\processed\yolo\images\train\train_016_317832f90f02c5e916b2ac0f3bcb8da9928d8e400b747b2c68e544e56adacf6b.png,data\processed\yolo\labels\train\train_016_317832f90f02c5e916b2ac0f3bcb8da9928d8e400b747b2c68e544e56adacf6b.txt
c395870ad9f5a3ae651b50efab9b20c3e6b9aea15d4c731eb34c0cf9e3800a72,train,train_017_c395870ad9f5a3ae651b50efab9b20c3e6b9aea15d4c731eb34c0cf9e3800a72.png,1024,1024,114,229.7719,309.5439,0.0001087188720703125,data\processed\yolo\images\train\train_017_c395870ad9f5a3ae651b50efab9b20c3e6b9aea15d4c731eb34c0cf9e3800a72.png,data\processed\yolo\labels\train\train_017_c395870ad9f5a3ae651b50efab9b20c3e6b9aea15d4c731eb34c0cf9e3800a72.txt
449f41710769584b5e4eca8ecb4c76d5272605f27da2949e6285de0860d2cbc0,train,train_018_449f41710769584b5e4eca8ecb4c76d5272605f27da2949e6285de0860d2cbc0.png,696,520,34,1775.2353,2403.2941,9.394341290893016e-05,data\processed\yolo\images\train\train_018_449f41710769584b5e4eca8ecb4c76d5272605f27da2949e6285de0860d2cbc0.png,data\processed\yolo\labels\train\train_018_449f41710769584b5e4eca8ecb4c76d5272605f27da2949e6285de0860d2cbc0.txt
9facc652efe19f634639585d692a53dd6c2a8e2f0c9baebdfd85b9b41ec58851,train,train_019_9facc652efe19f634639585d692a53dd6c2a8e2f0c9baebdfd85b9b41ec58851.png,360,360,23,1636.9565,2207.3913,0.00017746913580246913,data\processed\yolo\images\train\train_019_9facc652efe19f634639585d692a53dd6c2a8e2f0c9baebdfd85b9b41ec58851.png,data\processed\yolo\labels\train\train_019_9facc652efe19f634639585d692a53dd6c2a8e2f0c9baebdfd85b9b41ec58851.txt
b6c9b58de0388891221b8f7a83cbf0b8f8379b51b5c9a127bf43a4fc49f1cc48,train,train_020_b6c9b58de0388891221b8f7a83cbf0b8f8379b51b5c9a127bf43a4fc49f1cc48.png,360,360,18,1487.0556,1999.7778,0.0001388888888888889,data\processed\yolo\images\train\train_020_b6c9b58de0388891221b8f7a83cbf0b8f8379b51b5c9a127bf43a4fc49f1cc48.png,data\processed\yolo\labels\train\train_020_b6c9b58de0388891221b8f7a83cbf0b8f8379b51b5c9a127bf43a4fc49f1cc48.txt
815524d88283ba10ad597b87aa1967671db776df8004a0c4291b67fc2624c22a,train,train_021_815524d88283ba10ad597b87aa1967671db776df8004a0c4291b67fc2624c22a.png,320,256,29,309.6897,546.5517,0.00035400390625,data\processed\yolo\images\train\train_021_815524d88283ba10ad597b87aa1967671db776df8004a0c4291b67fc2624c22a.png,data\processed\yolo\labels\train\train_021_815524d88283ba10ad597b87aa1967671db776df8004a0c4291b67fc2624c22a.txt
c44ed955eb2e5c8d820b01477e122b32eff6dd475343e11229c33d8af3473b22,train,train_022_c44ed955eb2e5c8d820b01477e122b32eff6dd475343e11229c33d8af3473b22.png,696,520,123,611.4228,860.187,0.00033985411140583557,data\processed\yolo\images\train\train_022_c44ed955eb2e5c8d820b01477e122b32eff6dd475343e11229c33d8af3473b22.png,data\processed\yolo\labels\train\train_022_c44ed955eb2e5c8d820b01477e122b32eff6dd475343e11229c33d8af3473b22.txt
e4fc936ba57a936aaa5941ccc70946ab18fcebcb6e8d85a097c584aff9ca4d88,train,train_023_e4fc936ba57a936aaa5941ccc70946ab18fcebcb6e8d85a097c584aff9ca4d88.png,256,256,29,231.5862,307.2759,0.0004425048828125,data\processed\yolo\images\train\train_023_e4fc936ba57a936aaa5941ccc70946ab18fcebcb6e8d85a097c584aff9ca4d88.png,data\processed\yolo\labels\train\train_023_e4fc936ba57a936aaa5941ccc70946ab18fcebcb6e8d85a097c584aff9ca4d88.txt
79fe419488ba98494e3baa35c6fef9662eda1efe325d0ab0ac002f5383245d96,train,train_024_79fe419488ba98494e3baa35c6fef9662eda1efe325d0ab0ac002f5383245d96.png,320,256,74,296.3649,433.973,0.0009033203125,data\processed\yolo\images\train\train_024_79fe419488ba98494e3baa35c6fef9662eda1efe325d0ab0ac002f5383245d96.png,data\processed\yolo\labels\train\train_024_79fe419488ba98494e3baa35c6fef9662eda1efe325d0ab0ac002f5383245d96.txt
1f6b7cead15344593b32d5f2345fc26713dc74d9b31306c824209d67da401fd8,train,train_025_1f6b7cead15344593b32d5f2345fc26713dc74d9b31306c824209d67da401fd8.png,696,520,146,632.3014,879.2329,0.00040340406719717063,data\processed\yolo\images\train\train_025_1f6b7cead15344593b32d5f2345fc26713dc74d9b31306c824209d67da401fd8.png,data\processed\yolo\labels\train\train_025_1f6b7cead15344593b32d5f2345fc26713dc74d9b31306c824209d67da401fd8.txt
e4537e7893e631f3ba6ae5b1023e24b233c78249a31c2f5e561f6c4cad88fcf6,train,train_026_e4537e7893e631f3ba6ae5b1023e24b233c78249a31c2f5e561f6c4cad88fcf6.png,256,256,21,226.6667,298.7619,0.0003204345703125,data\processed\yolo\images\train\train_026_e4537e7893e631f3ba6ae5b1023e24b233c78249a31c2f5e561f6c4cad88fcf6.png,data\processed\yolo\labels\train\train_026_e4537e7893e631f3ba6ae5b1023e24b233c78249a31c2f5e561f6c4cad88fcf6.txt
7978812d0e2e034ee1f9c141f019705582fcaa290e4a01c6c75a62753285cb23,train,train_027_7978812d0e2e034ee1f9c141f019705582fcaa290e4a01c6c75a62753285cb23.png,360,360,25,1681.16,2335.8,0.00019290123456790122,data\processed\yolo\images\train\train_027_7978812d0e2e034ee1f9c141f019705582fcaa290e4a01c6c75a62753285cb23.png,data\processed\yolo\labels\train\train_027_7978812d0e2e034ee1f9c141f019705582fcaa290e4a01c6c75a62753285cb23.txt
49edc2f7715100fb0390916e52b3fd11a921f02e59509dc987f67840a36250fc,train,train_028_49edc2f7715100fb0390916e52b3fd11a921f02e59509dc987f67840a36250fc.png,696,520,70,730.9429,1001.2714,0.0001934129089301503,data\processed\yolo\images\train\train_028_49edc2f7715100fb0390916e52b3fd11a921f02e59509dc987f67840a36250fc.png,data\processed\yolo\labels\train\train_028_49edc2f7715100fb0390916e52b3fd11a921f02e59509dc987f67840a36250fc.txt
04acab7636c4cf61d288a5962f15fa456b7bde31a021e5deedfbf51288e4001e,train,train_029_04acab7636c4cf61d288a5962f15fa456b7bde31a021e5deedfbf51288e4001e.png,256,256,82,136.0366,175.5,0.001251220703125,data\processed\yolo\images\train\train_029_04acab7636c4cf61d288a5962f15fa456b7bde31a021e5deedfbf51288e4001e.png,data\processed\yolo\labels\train\train_029_04acab7636c4cf61d288a5962f15fa456b7bde31a021e5deedfbf51288e4001e.txt
0ea221716cf13710214dcd331a61cea48308c3940df1d28cfc7fd817c83714e1,train,train_030_0ea221716cf13710214dcd331a61cea48308c3940df1d28cfc7fd817c83714e1.png,696,520,369,327.1165,457.3442,0.0010195623342175067,data\processed\yolo\images\train\train_030_0ea221716cf13710214dcd331a61cea48308c3940df1d28cfc7fd817c83714e1.png,data\processed\yolo\labels\train\train_030_0ea221716cf13710214dcd331a61cea48308c3940df1d28cfc7fd817c83714e1.txt
dbe5ad05b6f87018159a3228c1d1725892a1bfb9fa9f8fcc2e8bfe70d69d0355,train,train_031_dbe5ad05b6f87018159a3228c1d1725892a1bfb9fa9f8fcc2e8bfe70d69d0355.png,360,360,17,1936.5882,2794.7647,0.00013117283950617284,data\processed\yolo\images\train\train_031_dbe5ad05b6f87018159a3228c1d1725892a1bfb9fa9f8fcc2e8bfe70d69d0355.png,data\processed\yolo\labels\train\train_031_dbe5ad05b6f87018159a3228c1d1725892a1bfb9fa9f8fcc2e8bfe70d69d0355.txt
243443ae303cc09cfbea85bfd22b0c4f026342f3dfc3aa1076f27867910d025b,train,train_032_243443ae303cc09cfbea85bfd22b0c4f026342f3dfc3aa1076f27867910d025b.png,256,256,62,105.2903,142.9194,0.000946044921875,data\processed\yolo\images\train\train_032_243443ae303cc09cfbea85bfd22b0c4f026342f3dfc3aa1076f27867910d025b.png,data\processed\yolo\labels\train\train_032_243443ae303cc09cfbea85bfd22b0c4f026342f3dfc3aa1076f27867910d025b.txt
e414b54f2036bcab61b9c0a966f65adf4b169097c13c740e03d6292ac076258c,train,train_033_e414b54f2036bcab61b9c0a966f65adf4b169097c13c740e03d6292ac076258c.png,320,256,63,392.2381,568.4762,0.00076904296875,data\processed\yolo\images\train\train_033_e414b54f2036bcab61b9c0a966f65adf4b169097c13c740e03d6292ac076258c.png,data\processed\yolo\labels\train\train_033_e414b54f2036bcab61b9c0a966f65adf4b169097c13c740e03d6292ac076258c.txt
98c5ead89cd066637efd5c93a6edc55c85908eb66807471f0d246d5457341f9c,train,train_034_98c5ead89cd066637efd5c93a6edc55c85908eb66807471f0d246d5457341f9c.png,256,256,28,432.6071,575.5714,0.00042724609375,data\processed\yolo\images\train\train_034_98c5ead89cd066637efd5c93a6edc55c85908eb66807471f0d246d5457341f9c.png,data\processed\yolo\labels\train\train_034_98c5ead89cd066637efd5c93a6edc55c85908eb66807471f0d246d5457341f9c.txt
afa272dc01825d4b929b3bfc79a10f68dd3c163c450d858b964d1ce0bc93e131,train,train_035_afa272dc01825d4b929b3bfc79a10f68dd3c163c450d858b964d1ce0bc93e131.png,696,520,10,2039.7,2774.8,2.7630415561450043e-05,data\processed\yolo\images\train\train_035_afa272dc01825d4b929b3bfc79a10f68dd3c163c450d858b964d1ce0bc93e131.png,data\processed\yolo\labels\train\train_035_afa272dc01825d4b929b3bfc79a10f68dd3c163c450d858b964d1ce0bc93e131.txt
bde3727f3a9e8b2b58f383ebc762b2157eb50cdbff23e69b025418b43967556b,train,train_036_bde3727f3a9e8b2b58f383ebc762b2157eb50cdbff23e69b025418b43967556b.png,696,520,106,658.0943,925.3679,0.00029288240495137046,data\processed\yolo\images\train\train_036_bde3727f3a9e8b2b58f383ebc762b2157eb50cdbff23e69b025418b43967556b.png,data\processed\yolo\labels\train\train_036_bde3727f3a9e8b2b58f383ebc762b2157eb50cdbff23e69b025418b43967556b.txt
58c593bcb98386e7fd42a1d34e291db93477624b164e83ab2afa3caa90d1d921,train,train_037_58c593bcb98386e7fd42a1d34e291db93477624b164e83ab2afa3caa90d1d921.png,256,256,2,300.0,491.5,3.0517578125e-05,data\processed\yolo\images\train\train_037_58c593bcb98386e7fd42a1d34e291db93477624b164e83ab2afa3caa90d1d921.png,data\processed\yolo\labels\train\train_037_58c593bcb98386e7fd42a1d34e291db93477624b164e83ab2afa3caa90d1d921.txt
ea00f5a91ca75e745d675201cc62d7db266f8e2787033e15a7dd5f1cc5c0ad72,train,train_038_ea00f5a91ca75e745d675201cc62d7db266f8e2787033e15a7dd5f1cc5c0ad72.png,256,256,40,120.7,158.5,0.0006103515625,data\processed\yolo\images\train\train_038_ea00f5a91ca75e745d675201cc62d7db266f8e2787033e15a7dd5f1cc5c0ad72.png,data\processed\yolo\labels\train\train_038_ea00f5a91ca75e745d675201cc62d7db266f8e2787033e15a7dd5f1cc5c0ad72.txt
79dfcbc9361edd3a1ffe81a5bdaa22a197ad1341f3fa64b86a646c2607d6b324,train,train_039_79dfcbc9361edd3a1ffe81a5bdaa22a197ad1341f3fa64b86a646c2607d6b324.png,696,520,12,2147.3333,2870.1667,3.315649867374005e-05,data\processed\yolo\images\train\train_039_79dfcbc9361edd3a1ffe81a5bdaa22a197ad1341f3fa64b86a646c2607d6b324.png,data\processed\yolo\labels\train\train_039_79dfcbc9361edd3a1ffe81a5bdaa22a197ad1341f3fa64b86a646c2607d6b324.txt
76c44d1addac92a65f1331f2d93f4e3b130bd4e538a6e5239c3ac1f4c403608a,train,train_040_76c44d1addac92a65f1331f2d93f4e3b130bd4e538a6e5239c3ac1f4c403608a.png,256,256,35,73.5714,97.8571,0.0005340576171875,data\processed\yolo\images\train\train_040_76c44d1addac92a65f1331f2d93f4e3b130bd4e538a6e5239c3ac1f4c403608a.png,data\processed\yolo\labels\train\train_040_76c44d1addac92a65f1331f2d93f4e3b130bd4e538a6e5239c3ac1f4c403608a.txt
5ef4442e5b8b0b4cf824b61be4050dfd793d846e0a6800afa4425a2f66e91456,train,train_041_5ef4442e5b8b0b4cf824b61be4050dfd793d846e0a6800afa4425a2f66e91456.png,320,256,54,189.7778,271.0926,0.0006591796875,data\processed\yolo\images\train\train_041_5ef4442e5b8b0b4cf824b61be4050dfd793d846e0a6800afa4425a2f66e91456.png,data\processed\yolo\labels\train\train_041_5ef4442e5b8b0b4cf824b61be4050dfd793d846e0a6800afa4425a2f66e91456.txt
b909aa8f6f4bec37c3fb6ff5a85d166162d07983506fcc57be742b0f9dbafbf7,train,train_042_b909aa8f6f4bec37c3fb6ff5a85d166162d07983506fcc57be742b0f9dbafbf7.png,320,256,9,1034.4444,1504.6667,0.00010986328125,data\processed\yolo\images\train\train_042_b909aa8f6f4bec37c3fb6ff5a85d166162d07983506fcc57be742b0f9dbafbf7.png,data\processed\yolo\labels\train\train_042_b909aa8f6f4bec37c3fb6ff5a85d166162d07983506fcc57be742b0f9dbafbf7.txt
7798ca1ddb3133563e290c36228bc8f8f3c9f224e096f442ef0653856662d121,train,train_043_7798ca1ddb3133563e290c36228bc8f8f3c9f224e096f442ef0653856662d121.png,320,256,33,580.3333,984.2121,0.00040283203125,data\processed\yolo\images\train\train_043_7798ca1ddb3133563e290c36228bc8f8f3c9f224e096f442ef0653856662d121.png,data\processed\yolo\labels\train\train_043_7798ca1ddb3133563e290c36228bc8f8f3c9f224e096f442ef0653856662d121.txt
3594684b9ea0e16196f498815508f8d364d55fea2933a2e782122b6f00375d04,train,train_044_3594684b9ea0e16196f498815508f8d364d55fea2933a2e782122b6f00375d04.png,1024,1024,55,245.8727,321.7455,5.245208740234375e-05,data\processed\yolo\images\train\train_044_3594684b9ea0e16196f498815508f8d364d55fea2933a2e782122b6f00375d04.png,data\processed\yolo\labels\train\train_044_3594684b9ea0e16196f498815508f8d364d55fea2933a2e782122b6f00375d04.txt
b7a86f4968071e0f963fa87ef314fdd1b6c73a66355431cc53a37e193ba6be9b,train,train_045_b7a86f4968071e0f963fa87ef314fdd1b6c73a66355431cc53a37e193ba6be9b.png,256,256,9,146.4444,193.5556,0.0001373291015625,data\processed\yolo\images\train\train_045_b7a86f4968071e0f963fa87ef314fdd1b6c73a66355431cc53a37e193ba6be9b.png,data\processed\yolo\labels\train\train_045_b7a86f4968071e0f963fa87ef314fdd1b6c73a66355431cc53a37e193ba6be9b.txt
a6515d73077866808ad4cb837ecdac33612527b8a1041e82135e40fce2bb9380,train,train_046_a6515d73077866808ad4cb837ecdac33612527b8a1041e82135e40fce2bb9380.png,320,256,15,283.3333,436.9333,0.00018310546875,data\processed\yolo\images\train\train_046_a6515d73077866808ad4cb837ecdac33612527b8a1041e82135e40fce2bb9380.png,data\processed\yolo\labels\train\train_046_a6515d73077866808ad4cb837ecdac33612527b8a1041e82135e40fce2bb9380.txt
8efed2e62c919e6d70a2ab548b1a33014877fe8a23f177ef25a9dee25ffe8842,train,train_047_8efed2e62c919e6d70a2ab548b1a33014877fe8a23f177ef25a9dee25ffe8842.png,696,520,260,409.6577,586.6192,0.0007183908045977011,data\processed\yolo\images\train\train_047_8efed2e62c919e6d70a2ab548b1a33014877fe8a23f177ef25a9dee25ffe8842.png,data\processed\yolo\labels\train\train_047_8efed2e62c919e6d70a2ab548b1a33014877fe8a23f177ef25a9dee25ffe8842.txt
f113626a04125d97b27f21b45a0ce9a686d73dee7b5dbc0725d49194ba0203bd,train,train_048_f113626a04125d97b27f21b45a0ce9a686d73dee7b5dbc0725d49194ba0203bd.png,360,360,24,1765.0,2315.0,0.00018518518518518518,data\processed\yolo\images\train\train_048_f113626a04125d97b27f21b45a0ce9a686d73dee7b5dbc0725d49194ba0203bd.png,data\processed\yolo\labels\train\train_048_f113626a04125d97b27f21b45a0ce9a686d73dee7b5dbc0725d49194ba0203bd.txt
b0d6dfcc95e4d087d232378f860fc3ef9f95ea5a4c26d623a0be091f820a793f,train,train_049_b0d6dfcc95e4d087d232378f860fc3ef9f95ea5a4c26d623a0be091f820a793f.png,256,256,22,119.8182,160.0,0.000335693359375,data\processed\yolo\images\train\train_049_b0d6dfcc95e4d087d232378f860fc3ef9f95ea5a4c26d623a0be091f820a793f.png,data\processed\yolo\labels\train\train_049_b0d6dfcc95e4d087d232378f860fc3ef9f95ea5a4c26d623a0be091f820a793f.txt
2ad489c11ed8b77a9d8a2339ac64ffc38e79281c03a2507db4688fd3186c0fe5,train,train_050_2ad489c11ed8b77a9d8a2339ac64ffc38e79281c03a2507db4688fd3186c0fe5.png,256,256,9,151.4444,194.0,0.0001373291015625,data\processed\yolo\images\train\train_050_2ad489c11ed8b77a9d8a2339ac64ffc38e79281c03a2507db4688fd3186c0fe5.png,data\processed\yolo\labels\train\train_050_2ad489c11ed8b77a9d8a2339ac64ffc38e79281c03a2507db4688fd3186c0fe5.txt
708eb41a3fc8f2b6cd1f529cdf38dc4ad5d5f00ad30bdcba92884f37ff78d614,train,train_051_708eb41a3fc8f2b6cd1f529cdf38dc4ad5d5f00ad30bdcba92884f37ff78d614.png,320,256,97,210.7938,308.5876,0.00118408203125,data\processed\yolo\images\train\train_051_708eb41a3fc8f2b6cd1f529cdf38dc4ad5d5f00ad30bdcba92884f37ff78d614.png,data\processed\yolo\labels\train\train_051_708eb41a3fc8f2b6cd1f529cdf38dc4ad5d5f00ad30bdcba92884f37ff78d614.txt
b3a9f4c9035a0df7e033b18c63bfb0f0d87ff5a4d9aa8bdf417159bb733abb80,train,train_052_b3a9f4c9035a0df7e033b18c63bfb0f0d87ff5a4d9aa8bdf417159bb733abb80.png,256,256,6,154.3333,204.1667,9.1552734375e-05,data\processed\yolo\images\train\train_052_b3a9f4c9035a0df7e033b18c63bfb0f0d87ff5a4d9aa8bdf417159bb733abb80.png,data\processed\yolo\labels\train\train_052_b3a9f4c9035a0df7e033b18c63bfb0f0d87ff5a4d9aa8bdf417159bb733abb80.txt
0532c64c2fd0c4d3188cc751cdfd566b1cfba3d269358717295bab1504c7c275,train,train_053_0532c64c2fd0c4d3188cc751cdfd566b1cfba3d269358717295bab1504c7c275.png,360,360,24,1448.125,1964.9583,0.00018518518518518518,data\processed\yolo\images\train\train_053_0532c64c2fd0c4d3188cc751cdfd566b1cfba3d269358717295bab1504c7c275.png,data\processed\yolo\labels\train\train_053_0532c64c2fd0c4d3188cc751cdfd566b1cfba3d269358717295bab1504c7c275.txt
a102535b0e88374bea4a1cfd9ee7cb3822ff54f4ab2a9845d428ec22f9ee2288,train,train_054_a102535b0e88374bea4a1cfd9ee7cb3822ff54f4ab2a9845d428ec22f9ee2288.png,1272,603,375,96.936,151.6053,0.0004889076629431459,data\processed\yolo\images\train\train_054_a102535b0e88374bea4a1cfd9ee7cb3822ff54f4ab2a9845d428ec22f9ee2288.png,data\processed\yolo\labels\train\train_054_a102535b0e88374bea4a1cfd9ee7cb3822ff54f4ab2a9845d428ec22f9ee2288.txt
03398329ced0c23b9ac3fac84dd53a87d9ffe4d9d10f1b5fe8df8fac12380776,train,train_055_03398329ced0c23b9ac3fac84dd53a87d9ffe4d9d10f1b5fe8df8fac12380776.png,256,256,16,78.125,98.9375,0.000244140625,data\processed\yolo\images\train\train_055_03398329ced0c23b9ac3fac84dd53a87d9ffe4d9d10f1b5fe8df8fac12380776.png,data\processed\yolo\labels\train\train_055_03398329ced0c23b9ac3fac84dd53a87d9ffe4d9d10f1b5fe8df8fac12380776.txt
ac782d2cad7f515ce7276926209820e386248e3d619b2df81e22d5e3c160b7cb,train,train_056_ac782d2cad7f515ce7276926209820e386248e3d619b2df81e22d5e3c160b7cb.png,360,360,25,1455.6,2024.04,0.00019290123456790122,data\processed\yolo\images\train\train_056_ac782d2cad7f515ce7276926209820e386248e3d619b2df81e22d5e3c160b7cb.png,data\processed\yolo\labels\train\train_056_ac782d2cad7f515ce7276926209820e386248e3d619b2df81e22d5e3c160b7cb.txt
89be66f88612aae541f5843abcd9c015832b5d6c54a28103b3019f7f38df8a6d,train,train_057_89be66f88612aae541f5843abcd9c015832b5d6c54a28103b3019f7f38df8a6d.png,360,360,19,1525.3158,2154.0,0.00014660493827160494,data\processed\yolo\images\train\train_057_89be66f88612aae541f5843abcd9c015832b5d6c54a28103b3019f7f38df8a6d.png,data\processed\yolo\labels\train\train_057_89be66f88612aae541f5843abcd9c015832b5d6c54a28103b3019f7f38df8a6d.txt
1c681dfa5cf7e413305d2e90ee47553a46e29cce4f6ed034c8297e511714f867,train,train_058_1c681dfa5cf7e413305d2e90ee47553a46e29cce4f6ed034c8297e511714f867.png,256,256,66,86.5152,113.7727,0.001007080078125,data\processed\yolo\images\train\train_058_1c681dfa5cf7e413305d2e90ee47553a46e29cce4f6ed034c8297e511714f867.png,data\processed\yolo\labels\train\train_058_1c681dfa5cf7e413305d2e90ee47553a46e29cce4f6ed034c8297e511714f867.txt
6bc8cda54f5b66a2a27d962ac219f8075bf7cc43b87ba0c9e776404370429e80,train,train_059_6bc8cda54f5b66a2a27d962ac219f8075bf7cc43b87ba0c9e776404370429e80.png,360,360,18,1745.4444,2344.0,0.0001388888888888889,data\processed\yolo\images\train\train_059_6bc8cda54f5b66a2a27d962ac219f8075bf7cc43b87ba0c9e776404370429e80.png,data\processed\yolo\labels\train\train_059_6bc8cda54f5b66a2a27d962ac219f8075bf7cc43b87ba0c9e776404370429e80.txt
f952cc65376009cfad8249e53b9b2c0daaa3553e897096337d143c625c2df886,train,train_060_f952cc65376009cfad8249e53b9b2c0daaa3553e897096337d143c625c2df886.png,320,256,151,140.9338,208.3245,0.00184326171875,data\processed\yolo\images\train\train_060_f952cc65376009cfad8249e53b9b2c0daaa3553e897096337d143c625c2df886.png,data\processed\yolo\labels\train\train_060_f952cc65376009cfad8249e53b9b2c0daaa3553e897096337d143c625c2df886.txt
b24ea5c268469a95ed155eeaf809e36030b78a2eb530a0cb2380cdc1ccdb7dd1,train,train_061_b24ea5c268469a95ed155eeaf809e36030b78a2eb530a0cb2380cdc1ccdb7dd1.png,696,520,50,1679.14,2302.46,0.00013815207780725023,data\processed\yolo\images\train\train_061_b24ea5c268469a95ed155eeaf809e36030b78a2eb530a0cb2380cdc1ccdb7dd1.png,data\processed\yolo\labels\train\train_061_b24ea5c268469a95ed155eeaf809e36030b78a2eb530a0cb2380cdc1ccdb7dd1.txt
d7d12a2acc47a94961aeb56fd56e8a0873016af75f5dd10915de9db8af8e4f5e,train,train_062_d7d12a2acc47a94961aeb56fd56e8a0873016af75f5dd10915de9db8af8e4f5e.png,360,360,22,1409.0455,1929.0455,0.00016975308641975308,data\processed\yolo\images\train\train_062_d7d12a2acc47a94961aeb56fd56e8a0873016af75f5dd10915de9db8af8e4f5e.png,data\processed\yolo\labels\train\train_062_d7d12a2acc47a94961aeb56fd56e8a0873016af75f5dd10915de9db8af8e4f5e.txt
958114e5f37d5e1420b410bd716753b3e874b175f2b6958ebf1ec2bdf776e41f,train,train_063_958114e5f37d5e1420b410bd716753b3e874b175f2b6958ebf1ec2bdf776e41f.png,696,520,147,610.2177,837.1905,0.00040616710875331563,data\processed\yolo\images\train\train_063_958114e5f37d5e1420b410bd716753b3e874b175f2b6958ebf1ec2bdf776e41f.png,data\processed\yolo\labels\train\train_063_958114e5f37d5e1420b410bd716753b3e874b175f2b6958ebf1ec2bdf776e41f.txt
2bf594e9d06f78b4b79d7ffb395497a0a91126b6b0d710d7a9cee21f5c3bd177,train,train_064_2bf594e9d06f78b4b79d7ffb395497a0a91126b6b0d710d7a9cee21f5c3bd177.png,256,256,23,415.9565,563.5217,0.0003509521484375,data\processed\yolo\images\train\train_064_2bf594e9d06f78b4b79d7ffb395497a0a91126b6b0d710d7a9cee21f5c3bd177.png,data\processed\yolo\labels\train\train_064_2bf594e9d06f78b4b79d7ffb395497a0a91126b6b0d710d7a9cee21f5c3bd177.txt
c3bec1066aae20f48b82975e7e8b684cd67635a8baf211e4d9e3e13bc54c5d06,train,train_065_c3bec1066aae20f48b82975e7e8b684cd67635a8baf211e4d9e3e13bc54c5d06.png,256,256,76,321.0526,420.8289,0.00115966796875,data\processed\yolo\images\train\train_065_c3bec1066aae20f48b82975e7e8b684cd67635a8baf211e4d9e3e13bc54c5d06.png,data\processed\yolo\labels\train\train_065_c3bec1066aae20f48b82975e7e8b684cd67635a8baf211e4d9e3e13bc54c5d06.txt
1b44d22643830cd4f23c9deadb0bd499fb392fb2cd9526d81547d93077d983df,train,train_066_1b44d22643830cd4f23c9deadb0bd499fb392fb2cd9526d81547d93077d983df.png,1024,1024,96,287.875,391.1146,9.1552734375e-05,data\processed\yolo\images\train\train_066_1b44d22643830cd4f23c9deadb0bd499fb392fb2cd9526d81547d93077d983df.png,data\processed\yolo\labels\train\train_066_1b44d22643830cd4f23c9deadb0bd499fb392fb2cd9526d81547d93077d983df.txt
97158b2fe38783d88d4e44ba1b7bc6c84f225f8b35fcccc2f9265c65f14e7c8b,train,train_067_97158b2fe38783d88d4e44ba1b7bc6c84f225f8b35fcccc2f9265c65f14e7c8b.png,256,256,15,106.6,142.6667,0.0002288818359375,data\processed\yolo\images\train\train_067_97158b2fe38783d88d4e44ba1b7bc6c84f225f8b35fcccc2f9265c65f14e7c8b.png,data\processed\yolo\labels\train\train_067_97158b2fe38783d88d4e44ba1b7bc6c84f225f8b35fcccc2f9265c65f14e7c8b.txt
1815cf307859b3e13669041d181aa3b3dbbac1a95aef4c42164b223110c09168,train,train_068_1815cf307859b3e13669041d181aa3b3dbbac1a95aef4c42164b223110c09168.png,256,256,9,104.5556,142.7778,0.0001373291015625,data\processed\yolo\images\train\train_068_1815cf307859b3e13669041d181aa3b3dbbac1a95aef4c42164b223110c09168.png,data\processed\yolo\labels\train\train_068_1815cf307859b3e13669041d181aa3b3dbbac1a95aef4c42164b223110c09168.txt
f26f4c2c70c38fe12e00d5a814d5116691f2ca548908126923fd76ddd665ed24,train,train_069_f26f4c2c70c38fe12e00d5a814d5116691f2ca548908126923fd76ddd665ed24.png,256,256,52,397.4423,521.8269,0.00079345703125,data\processed\yolo\images\train\train_069_f26f4c2c70c38fe12e00d5a814d5116691f2ca548908126923fd76ddd665ed24.png,data\processed\yolo\labels\train\train_069_f26f4c2c70c38fe12e00d5a814d5116691f2ca548908126923fd76ddd665ed24.txt
831218e6a1a54b23d4be56c5799854e7eb978811b89215319dc138900bd563e6,train,train_070_831218e6a1a54b23d4be56c5799854e7eb978811b89215319dc138900bd563e6.png,360,360,20,1491.9,2096.1,0.00015432098765432098,data\processed\yolo\images\train\train_070_831218e6a1a54b23d4be56c5799854e7eb978811b89215319dc138900bd563e6.png,data\processed\yolo\labels\train\train_070_831218e6a1a54b23d4be56c5799854e7eb978811b89215319dc138900bd563e6.txt
5cc036b65f7f2d5480e2be111a561f3713ac021683a9a9138dc49492a29ce856,train,train_071_5cc036b65f7f2d5480e2be111a561f3713ac021683a9a9138dc49492a29ce856.png,256,256,16,360.375,475.875,0.000244140625,data\processed\yolo\images\train\train_071_5cc036b65f7f2d5480e2be111a561f3713ac021683a9a9138dc49492a29ce856.png,data\processed\yolo\labels\train\train_071_5cc036b65f7f2d5480e2be111a561f3713ac021683a9a9138dc49492a29ce856.txt
0bf4b144167694b6846d584cf52c458f34f28fcae75328a2a096c8214e01c0d0,train,train_072_0bf4b144167694b6846d584cf52c458f34f28fcae75328a2a096c8214e01c0d0.png,256,256,57,319.7193,422.4386,0.0008697509765625,data\processed\yolo\images\train\train_072_0bf4b144167694b6846d584cf52c458f34f28fcae75328a2a096c8214e01c0d0.png,data\processed\yolo\labels\train\train_072_0bf4b144167694b6846d584cf52c458f34f28fcae75328a2a096c8214e01c0d0.txt
dbbfe08a52688d0ac8de9161cbb17cb201e3991aacab8ab8a77fe0e203a69481,train,train_073_dbbfe08a52688d0ac8de9161cbb17cb201e3991aacab8ab8a77fe0e203a69481.png,256,256,38,302.4737,406.0789,0.000579833984375,data\processed\yolo\images\train\train_073_dbbfe08a52688d0ac8de9161cbb17cb201e3991aacab8ab8a77fe0e203a69481.png,data\processed\yolo\labels\train\train_073_dbbfe08a52688d0ac8de9161cbb17cb201e3991aacab8ab8a77fe0e203a69481.txt
dae976f161fe42dc58dee87d4bf2eb9f65736597cab0114138641b2a39a5c42b,train,train_074_dae976f161fe42dc58dee87d4bf2eb9f65736597cab0114138641b2a39a5c42b.png,256,256,31,313.0968,406.5161,0.0004730224609375,data\processed\yolo\images\train\train_074_dae976f161fe42dc58dee87d4bf2eb9f65736597cab0114138641b2a39a5c42b.png,data\processed\yolo\labels\train\train_074_dae976f161fe42dc58dee87d4bf2eb9f65736597cab0114138641b2a39a5c42b.txt
6034456567632f4b48dc3dfbb98534b5953c151990f4235df6c912c0a9c08397,train,train_075_6034456567632f4b48dc3dfbb98534b5953c151990f4235df6c912c0a9c08397.png,256,256,19,141.1053,185.6842,0.0002899169921875,data\processed\yolo\images\train\train_075_6034456567632f4b48dc3dfbb98534b5953c151990f4235df6c912c0a9c08397.png,data\processed\yolo\labels\train\train_075_6034456567632f4b48dc3dfbb98534b5953c151990f4235df6c912c0a9c08397.txt
6b61ab2e3ff0e2c7a55fd71e290b51e142555cf82bc7574fc27326735e8acbd1,train,train_076_6b61ab2e3ff0e2c7a55fd71e290b51e142555cf82bc7574fc27326735e8acbd1.png,696,520,158,430.3418,592.9557,0.0004365605658709107,data\processed\yolo\images\train\train_076_6b61ab2e3ff0e2c7a55fd71e290b51e142555cf82bc7574fc27326735e8acbd1.png,data\processed\yolo\labels\train\train_076_6b61ab2e3ff0e2c7a55fd71e290b51e142555cf82bc7574fc27326735e8acbd1.txt
c0f172831b8017c769ff0e80f85b096ac939e79de3d524e0826fbb95221365da,train,train_077_c0f172831b8017c769ff0e80f85b096ac939e79de3d524e0826fbb95221365da.png,320,256,59,349.6441,527.4915,0.00072021484375,data\processed\yolo\images\train\train_077_c0f172831b8017c769ff0e80f85b096ac939e79de3d524e0826fbb95221365da.png,data\processed\yolo\labels\train\train_077_c0f172831b8017c769ff0e80f85b096ac939e79de3d524e0826fbb95221365da.txt
23830d0e51245fc0c9e410efa4c17d2a7d83a0104a3777130119ab892de47a4e,train,train_078_23830d0e51245fc0c9e410efa4c17d2a7d83a0104a3777130119ab892de47a4e.png,256,256,40,220.45,291.15,0.0006103515625,data\processed\yolo\images\train\train_078_23830d0e51245fc0c9e410efa4c17d2a7d83a0104a3777130119ab892de47a4e.png,data\processed\yolo\labels\train\train_078_23830d0e51245fc0c9e410efa4c17d2a7d83a0104a3777130119ab892de47a4e.txt
19f0653c33982a416feed56e5d1ce6849fd83314fd19dfa1c5b23c6b66e9868a,train,train_079_19f0653c33982a416feed56e5d1ce6849fd83314fd19dfa1c5b23c6b66e9868a.png,347,260,70,248.5,396.5286,0.0007758811793393926,data\processed\yolo\images\train\train_079_19f0653c33982a416feed56e5d1ce6849fd83314fd19dfa1c5b23c6b66e9868a.png,data\processed\yolo\labels\train\train_079_19f0653c33982a416feed56e5d1ce6849fd83314fd19dfa1c5b23c6b66e9868a.txt
420f43d21dbaba42bf8c0995b3a2c85537876d594433770c6c6f3d6b779ec15f,train,train_080_420f43d21dbaba42bf8c0995b3a2c85537876d594433770c6c6f3d6b779ec15f.png,320,256,49,321.7755,458.7959,0.00059814453125,data\processed\yolo\images\train\train_080_420f43d21dbaba42bf8c0995b3a2c85537876d594433770c6c6f3d6b779ec15f.png,data\processed\yolo\labels\train\train_080_420f43d21dbaba42bf8c0995b3a2c85537876d594433770c6c6f3d6b779ec15f.txt
fe80a2cf3c93dafad8c364fdd1646b0ba4db056cdb7bdb81474f957064812bba,train,train_081_fe80a2cf3c93dafad8c364fdd1646b0ba4db056cdb7bdb81474f957064812bba.png,696,520,11,1820.8182,2536.9091,3.039345711759505e-05,data\processed\yolo\images\train\train_081_fe80a2cf3c93dafad8c364fdd1646b0ba4db056cdb7bdb81474f957064812bba.png,data\processed\yolo\labels\train\train_081_fe80a2cf3c93dafad8c364fdd1646b0ba4db056cdb7bdb81474f957064812bba.txt
57bd029b19c1b382bef9db3ac14f13ea85e36a6053b92e46caedee95c05847ab,train,train_082_57bd029b19c1b382bef9db3ac14f13ea85e36a6053b92e46caedee95c05847ab.png,320,256,9,1363.0,1884.1111,0.00010986328125,data\processed\yolo\images\train\train_082_57bd029b19c1b382bef9db3ac14f13ea85e36a6053b92e46caedee95c05847ab.png,data\processed\yolo\labels\train\train_082_57bd029b19c1b382bef9db3ac14f13ea85e36a6053b92e46caedee95c05847ab.txt
c6de542205b891eed5c40e6d8ae3d03a6ca39b26dc445b4dbc64340d4d64dd2d,train,train_083_c6de542205b891eed5c40e6d8ae3d03a6ca39b26dc445b4dbc64340d4d64dd2d.png,256,256,5,165.2,199.8,7.62939453125e-05,data\processed\yolo\images\train\train_083_c6de542205b891eed5c40e6d8ae3d03a6ca39b26dc445b4dbc64340d4d64dd2d.png,data\processed\yolo\labels\train\train_083_c6de542205b891eed5c40e6d8ae3d03a6ca39b26dc445b4dbc64340d4d64dd2d.txt
4327d27591871e9c8d317071a390d1b3dcedad05a9746175b005c41ea0d797b2,train,train_084_4327d27591871e9c8d317071a390d1b3dcedad05a9746175b005c41ea0d797b2.png,360,360,31,1126.4839,1494.4516,0.00023919753086419754,data\processed\yolo\images\train\train_084_4327d27591871e9c8d317071a390d1b3dcedad05a9746175b005c41ea0d797b2.png,data\processed\yolo\labels\train\train_084_4327d27591871e9c8d317071a390d1b3dcedad05a9746175b005c41ea0d797b2.txt
4e07a653352b30bb95b60ebc6c57afbc7215716224af731c51ff8d430788cd40,train,train_085_4e07a653352b30bb95b60ebc6c57afbc7215716224af731c51ff8d430788cd40.png,1024,1024,136,141.1176,180.3603,0.00012969970703125,data\processed\yolo\images\train\train_085_4e07a653352b30bb95b60ebc6c57afbc7215716224af731c51ff8d430788cd40.png,data\processed\yolo\labels\train\train_085_4e07a653352b30bb95b60ebc6c57afbc7215716224af731c51ff8d430788cd40.txt
305a8baaf726d7c9e695bff31d3a6a61445999a4732f0a3e6174dc9dcbe43931,train,train_086_305a8baaf726d7c9e695bff31d3a6a61445999a4732f0a3e6174dc9dcbe43931.png,256,256,12,134.4167,180.0,0.00018310546875,data\processed\yolo\images\train\train_086_305a8baaf726d7c9e695bff31d3a6a61445999a4732f0a3e6174dc9dcbe43931.png,data\processed\yolo\labels\train\train_086_305a8baaf726d7c9e695bff31d3a6a61445999a4732f0a3e6174dc9dcbe43931.txt
8d29c5a03e0560c8f9338e8eb7bccf47930149c8173f9ba4b9279fb87d86cf6d,train,train_087_8d29c5a03e0560c8f9338e8eb7bccf47930149c8173f9ba4b9279fb87d86cf6d.png,696,520,38,1687.1053,2347.3947,0.00010499557913351017,data\processed\yolo\images\train\train_087_8d29c5a03e0560c8f9338e8eb7bccf47930149c8173f9ba4b9279fb87d86cf6d.png,data\processed\yolo\labels\train\train_087_8d29c5a03e0560c8f9338e8eb7bccf47930149c8173f9ba4b9279fb87d86cf6d.txt
4193474b2f1c72f735b13633b219d9cabdd43c21d9c2bb4dfc4809f104ba4c06,train,train_088_4193474b2f1c72f735b13633b219d9cabdd43c21d9c2bb4dfc4809f104ba4c06.png,320,256,12,938.1667,1401.25,0.000146484375,data\processed\yolo\images\train\train_088_4193474b2f1c72f735b13633b219d9cabdd43c21d9c2bb4dfc4809f104ba4c06.png,data\processed\yolo\labels\train\train_088_4193474b2f1c72f735b13633b219d9cabdd43c21d9c2bb4dfc4809f104ba4c06.txt
5c6eb9a47852754d4e45eceb9a696c64c7cfe304afc5ea491cdfef11d55c17f3,train,train_089_5c6eb9a47852754d4e45eceb9a696c64c7cfe304afc5ea491cdfef11d55c17f3.png,320,256,60,387.6167,560.5167,0.000732421875,data\processed\yolo\images\train\train_089_5c6eb9a47852754d4e45eceb9a696c64c7cfe304afc5ea491cdfef11d55c17f3.png,data\processed\yolo\labels\train\train_089_5c6eb9a47852754d4e45eceb9a696c64c7cfe304afc5ea491cdfef11d55c17f3.txt
05a8f65ebd0b30d3b210f30b4d640c847c2e710d0d135e0aeeaccbe1988e3b6e,train,train_090_05a8f65ebd0b30d3b210f30b4d640c847c2e710d0d135e0aeeaccbe1988e3b6e.png,256,256,26,94.3077,124.1154,0.000396728515625,data\processed\yolo\images\train\train_090_05a8f65ebd0b30d3b210f30b4d640c847c2e710d0d135e0aeeaccbe1988e3b6e.png,data\processed\yolo\labels\train\train_090_05a8f65ebd0b30d3b210f30b4d640c847c2e710d0d135e0aeeaccbe1988e3b6e.txt
2869fad54664677e81bacbf00c2256e89a7b90b69d9688c9342e2c736ff5421c,train,train_091_2869fad54664677e81bacbf00c2256e89a7b90b69d9688c9342e2c736ff5421c.png,360,360,22,1208.7727,1724.9545,0.00016975308641975308,data\processed\yolo\images\train\train_091_2869fad54664677e81bacbf00c2256e89a7b90b69d9688c9342e2c736ff5421c.png,data\processed\yolo\labels\train\train_091_2869fad54664677e81bacbf00c2256e89a7b90b69d9688c9342e2c736ff5421c.txt
538b7673d507014d83af238876e03617396b70fe27f525f8205a4a96900fbb8e,train,train_092_538b7673d507014d83af238876e03617396b70fe27f525f8205a4a96900fbb8e.png,1272,603,196,285.9796,442.0306,0.00025553573849828427,data\processed\yolo\images\train\train_092_538b7673d507014d83af238876e03617396b70fe27f525f8205a4a96900fbb8e.png,data\processed\yolo\labels\train\train_092_538b7673d507014d83af238876e03617396b70fe27f525f8205a4a96900fbb8e.txt
72e8c49dea44787114fd191f9e97e260f961c6e7ae4715bc95cc91db8d91a4e3,train,train_093_72e8c49dea44787114fd191f9e97e260f961c6e7ae4715bc95cc91db8d91a4e3.png,256,256,25,145.24,217.24,0.0003814697265625,data\processed\yolo\images\train\train_093_72e8c49dea44787114fd191f9e97e260f961c6e7ae4715bc95cc91db8d91a4e3.png,data\processed\yolo\labels\train\train_093_72e8c49dea44787114fd191f9e97e260f961c6e7ae4715bc95cc91db8d91a4e3.txt
6fc83b33896f58a4a067d8fdcf51f15d4ae9be05d8c3815d23336f1f2a8c45a1,train,train_094_6fc83b33896f58a4a067d8fdcf51f15d4ae9be05d8c3815d23336f1f2a8c45a1.png,360,360,23,1873.4348,2474.087,0.00017746913580246913,data\processed\yolo\images\train\train_094_6fc83b33896f58a4a067d8fdcf51f15d4ae9be05d8c3815d23336f1f2a8c45a1.png,data\processed\yolo\labels\train\train_094_6fc83b33896f58a4a067d8fdcf51f15d4ae9be05d8c3815d23336f1f2a8c45a1.txt
5b0bde771bc67c505d1b59405cbcad0a2766ec3ee4e35852e959552c1b454233,train,train_095_5b0bde771bc67c505d1b59405cbcad0a2766ec3ee4e35852e959552c1b454233.png,256,256,10,68.2,88.6,0.000152587890625,data\processed\yolo\images\train\train_095_5b0bde771bc67c505d1b59405cbcad0a2766ec3ee4e35852e959552c1b454233.png,data\processed\yolo\labels\train\train_095_5b0bde771bc67c505d1b59405cbcad0a2766ec3ee4e35852e959552c1b454233.txt
6c85029f850d392791e13f74963391054ff54e508967bbd091ee510e9e58e011,train,train_096_6c85029f850d392791e13f74963391054ff54e508967bbd091ee510e9e58e011.png,256,256,8,179.0,229.5,0.0001220703125,data\processed\yolo\images\train\train_096_6c85029f850d392791e13f74963391054ff54e508967bbd091ee510e9e58e011.png,data\processed\yolo\labels\train\train_096_6c85029f850d392791e13f74963391054ff54e508967bbd091ee510e9e58e011.txt
693bc64581275f04fc456da74f031d583733360a1f6032fa38b3fbf592ff4352,train,train_097_693bc64581275f04fc456da74f031d583733360a1f6032fa38b3fbf592ff4352.png,256,256,57,323.2807,474.3333,0.0008697509765625,data\processed\yolo\images\train\train_097_693bc64581275f04fc456da74f031d583733360a1f6032fa38b3fbf592ff4352.png,data\processed\yolo\labels\train\train_097_693bc64581275f04fc456da74f031d583733360a1f6032fa38b3fbf592ff4352.txt
0acd2c223d300ea55d0546797713851e818e5c697d073b7f4091b96ce0f3d2fe,train,train_098_0acd2c223d300ea55d0546797713851e818e5c697d073b7f4091b96ce0f3d2fe.png,256,256,9,211.3333,269.6667,0.0001373291015625,data\processed\yolo\images\train\train_098_0acd2c223d300ea55d0546797713851e818e5c697d073b7f4091b96ce0f3d2fe.png,data\processed\yolo\labels\train\train_098_0acd2c223d300ea55d0546797713851e818e5c697d073b7f4091b96ce0f3d2fe.txt
88d5a03f8ecd459f076a06e0d5035149193bfdd727c30905de19054dcb9018ae,train,train_099_88d5a03f8ecd459f076a06e0d5035149193bfdd727c30905de19054dcb9018ae.png,256,256,38,116.6842,163.4211,0.000579833984375,data\processed\yolo\images\train\train_099_88d5a03f8ecd459f076a06e0d5035149193bfdd727c30905de19054dcb9018ae.png,data\processed\yolo\labels\train\train_099_88d5a03f8ecd459f076a06e0d5035149193bfdd727c30905de19054dcb9018ae.txt
05040e2e959c3f5632558fc9683fec88f0010026c555b499066346f67fdd0e13,train,train_100_05040e2e959c3f5632558fc9683fec88f0010026c555b499066346f67fdd0e13.png,256,256,24,221.2083,286.3333,0.0003662109375,data\processed\yolo\images\train\train_100_05040e2e959c3f5632558fc9683fec88f0010026c555b499066346f67fdd0e13.png,data\processed\yolo\labels\train\train_100_05040e2e959c3f5632558fc9683fec88f0010026c555b499066346f67fdd0e13.txt
a08166d91d2cca263d2dd52764dc25c9c582b7a5ece2b802749fa4be33187c49,val,val_001_a08166d91d2cca263d2dd52764dc25c9c582b7a5ece2b802749fa4be33187c49.png,320,256,22,154.1818,233.5455,0.0002685546875,data\processed\yolo\images\val\val_001_a08166d91d2cca263d2dd52764dc25c9c582b7a5ece2b802749fa4be33187c49.png,data\processed\yolo\labels\val\val_001_a08166d91d2cca263d2dd52764dc25c9c582b7a5ece2b802749fa4be33187c49.txt
2246874c8b5ba218d01ad8153a201ad4660195f3e4c65da6b9d4ccaf82cb7edf,val,val_002_2246874c8b5ba218d01ad8153a201ad4660195f3e4c65da6b9d4ccaf82cb7edf.png,320,256,83,208.9157,314.5301,0.00101318359375,data\processed\yolo\images\val\val_002_2246874c8b5ba218d01ad8153a201ad4660195f3e4c65da6b9d4ccaf82cb7edf.png,data\processed\yolo\labels\val\val_002_2246874c8b5ba218d01ad8153a201ad4660195f3e4c65da6b9d4ccaf82cb7edf.txt
4b274461c6d001a7a9aeaf5952b40ac4934d1be96b9c176edfd628a8f77e6df2,val,val_003_4b274461c6d001a7a9aeaf5952b40ac4934d1be96b9c176edfd628a8f77e6df2.png,256,256,16,132.125,180.6875,0.000244140625,data\processed\yolo\images\val\val_003_4b274461c6d001a7a9aeaf5952b40ac4934d1be96b9c176edfd628a8f77e6df2.png,data\processed\yolo\labels\val\val_003_4b274461c6d001a7a9aeaf5952b40ac4934d1be96b9c176edfd628a8f77e6df2.txt
4829177d0b36abdd92c4ef0c7834cbc49f95232076bdd7e828f1f7cbb5ed80ec,val,val_004_4829177d0b36abdd92c4ef0c7834cbc49f95232076bdd7e828f1f7cbb5ed80ec.png,256,256,8,173.0,250.5,0.0001220703125,data\processed\yolo\images\val\val_004_4829177d0b36abdd92c4ef0c7834cbc49f95232076bdd7e828f1f7cbb5ed80ec.png,data\processed\yolo\labels\val\val_004_4829177d0b36abdd92c4ef0c7834cbc49f95232076bdd7e828f1f7cbb5ed80ec.txt
c620631271a56407d6d69fa1a69451ca99c50dcc30e29db04cf6fb7cacbde8cb,val,val_005_c620631271a56407d6d69fa1a69451ca99c50dcc30e29db04cf6fb7cacbde8cb.png,256,256,11,170.3636,209.8182,0.0001678466796875,data\processed\yolo\images\val\val_005_c620631271a56407d6d69fa1a69451ca99c50dcc30e29db04cf6fb7cacbde8cb.png,data\processed\yolo\labels\val\val_005_c620631271a56407d6d69fa1a69451ca99c50dcc30e29db04cf6fb7cacbde8cb.txt
bbfc4aab5645637680fa0ef00925eea733b93099f1944c0aea09b78af1d4eef2,val,val_006_bbfc4aab5645637680fa0ef00925eea733b93099f1944c0aea09b78af1d4eef2.png,696,520,12,370.0833,479.1667,3.315649867374005e-05,data\processed\yolo\images\val\val_006_bbfc4aab5645637680fa0ef00925eea733b93099f1944c0aea09b78af1d4eef2.png,data\processed\yolo\labels\val\val_006_bbfc4aab5645637680fa0ef00925eea733b93099f1944c0aea09b78af1d4eef2.txt
2cfa857e63be1b418c91ad5ea1f8d136fd1b80fc856e1d4277274c3dea28011c,val,val_007_2cfa857e63be1b418c91ad5ea1f8d136fd1b80fc856e1d4277274c3dea28011c.png,256,256,11,123.8182,155.4545,0.0001678466796875,data\processed\yolo\images\val\val_007_2cfa857e63be1b418c91ad5ea1f8d136fd1b80fc856e1d4277274c3dea28011c.png,data\processed\yolo\labels\val\val_007_2cfa857e63be1b418c91ad5ea1f8d136fd1b80fc856e1d4277274c3dea28011c.txt
5488e8df5440ee5161fdfae3aeccd2ee396636430065c90e3f1f73870a975991,val,val_008_5488e8df5440ee5161fdfae3aeccd2ee396636430065c90e3f1f73870a975991.png,360,360,36,1242.6944,1735.75,0.0002777777777777778,data\processed\yolo\images\val\val_008_5488e8df5440ee5161fdfae3aeccd2ee396636430065c90e3f1f73870a975991.png,data\processed\yolo\labels\val\val_008_5488e8df5440ee5161fdfae3aeccd2ee396636430065c90e3f1f73870a975991.txt
d8607b21411c9c8ab532faaeba15f8818a92025897950f94ee4da4f74f53660a,val,val_009_d8607b21411c9c8ab532faaeba15f8818a92025897950f94ee4da4f74f53660a.png,360,360,24,1531.6667,2132.125,0.00018518518518518518,data\processed\yolo\images\val\val_009_d8607b21411c9c8ab532faaeba15f8818a92025897950f94ee4da4f74f53660a.png,data\processed\yolo\labels\val\val_009_d8607b21411c9c8ab532faaeba15f8818a92025897950f94ee4da4f74f53660a.txt
c7d546766518703580f63d5d8f11d54971044753f53c0b257d19c2f99d4bfdd0,val,val_010_c7d546766518703580f63d5d8f11d54971044753f53c0b257d19c2f99d4bfdd0.png,256,256,52,308.5962,413.5192,0.00079345703125,data\processed\yolo\images\val\val_010_c7d546766518703580f63d5d8f11d54971044753f53c0b257d19c2f99d4bfdd0.png,data\processed\yolo\labels\val\val_010_c7d546766518703580f63d5d8f11d54971044753f53c0b257d19c2f99d4bfdd0.txt
65c8527c16a016191118e8adc3d307fe3a73d37cbe05597a95aebd75daf8d051,val,val_011_65c8527c16a016191118e8adc3d307fe3a73d37cbe05597a95aebd75daf8d051.png,320,256,111,161.8378,223.3694,0.00135498046875,data\processed\yolo\images\val\val_011_65c8527c16a016191118e8adc3d307fe3a73d37cbe05597a95aebd75daf8d051.png,data\processed\yolo\labels\val\val_011_65c8527c16a016191118e8adc3d307fe3a73d37cbe05597a95aebd75daf8d051.txt
20e209f6ffa120a72712e1b4c1d3e24d1339227e2936abd4bbd49a636fada423,val,val_012_20e209f6ffa120a72712e1b4c1d3e24d1339227e2936abd4bbd49a636fada423.png,640,512,31,1325.5484,1796.9677,9.46044921875e-05,data\processed\yolo\images\val\val_012_20e209f6ffa120a72712e1b4c1d3e24d1339227e2936abd4bbd49a636fada423.png,data\processed\yolo\labels\val\val_012_20e209f6ffa120a72712e1b4c1d3e24d1339227e2936abd4bbd49a636fada423.txt
08ae2741df2f5ac815c0f272a8c532b5167ee853be9b939b9b8b7fa93560868a,val,val_013_08ae2741df2f5ac815c0f272a8c532b5167ee853be9b939b9b8b7fa93560868a.png,256,256,7,151.8571,208.2857,0.0001068115234375,data\processed\yolo\images\val\val_013_08ae2741df2f5ac815c0f272a8c532b5167ee853be9b939b9b8b7fa93560868a.png,data\processed\yolo\labels\val\val_013_08ae2741df2f5ac815c0f272a8c532b5167ee853be9b939b9b8b7fa93560868a.txt
d2815f2f616d92be35c7e8dcfe592deec88516aef9ffc9b21257f52b7d6d0354,val,val_014_d2815f2f616d92be35c7e8dcfe592deec88516aef9ffc9b21257f52b7d6d0354.png,256,256,14,189.9286,250.7857,0.000213623046875,data\processed\yolo\images\val\val_014_d2815f2f616d92be35c7e8dcfe592deec88516aef9ffc9b21257f52b7d6d0354.png,data\processed\yolo\labels\val\val_014_d2815f2f616d92be35c7e8dcfe592deec88516aef9ffc9b21257f52b7d6d0354.txt
e49fc2b4f1f39d481a6525225ab3f688be5c87f56884456ad54c953315efae83,val,val_015_e49fc2b4f1f39d481a6525225ab3f688be5c87f56884456ad54c953315efae83.png,320,256,69,383.1014,557.4058,0.00084228515625,data\processed\yolo\images\val\val_015_e49fc2b4f1f39d481a6525225ab3f688be5c87f56884456ad54c953315efae83.png,data\processed\yolo\labels\val\val_015_e49fc2b4f1f39d481a6525225ab3f688be5c87f56884456ad54c953315efae83.txt
358e47eaa1e9222252793fe0fb8c77028d4e0d4360b95a07c9fe6df6a2066556,val,val_016_358e47eaa1e9222252793fe0fb8c77028d4e0d4360b95a07c9fe6df6a2066556.png,256,256,52,309.6538,426.25,0.00079345703125,data\processed\yolo\images\val\val_016_358e47eaa1e9222252793fe0fb8c77028d4e0d4360b95a07c9fe6df6a2066556.png,data\processed\yolo\labels\val\val_016_358e47eaa1e9222252793fe0fb8c77028d4e0d4360b95a07c9fe6df6a2066556.txt
9620c33d8ef2772dbc5bd152429f507bd7fafb27e12109003292b671e556b089,val,val_017_9620c33d8ef2772dbc5bd152429f507bd7fafb27e12109003292b671e556b089.png,696,520,168,442.2321,591.4762,0.00046419098143236074,data\processed\yolo\images\val\val_017_9620c33d8ef2772dbc5bd152429f507bd7fafb27e12109003292b671e556b089.png,data\processed\yolo\labels\val\val_017_9620c33d8ef2772dbc5bd152429f507bd7fafb27e12109003292b671e556b089.txt
724b6b7044522f6d5ea35b55f8fa71d0a45a28687be2b7cac3149943ab816eec,val,val_018_724b6b7044522f6d5ea35b55f8fa71d0a45a28687be2b7cac3149943ab816eec.png,640,512,18,1512.0,1978.0556,5.4931640625e-05,data\processed\yolo\images\val\val_018_724b6b7044522f6d5ea35b55f8fa71d0a45a28687be2b7cac3149943ab816eec.png,data\processed\yolo\labels\val\val_018_724b6b7044522f6d5ea35b55f8fa71d0a45a28687be2b7cac3149943ab816eec.txt
ebc18868864ad075548cc1784f4f9a237bb98335f9645ee727dac8332a3e3716,val,val_019_ebc18868864ad075548cc1784f4f9a237bb98335f9645ee727dac8332a3e3716.png,320,256,19,1566.3158,2265.8421,0.00023193359375,data\processed\yolo\images\val\val_019_ebc18868864ad075548cc1784f4f9a237bb98335f9645ee727dac8332a3e3716.png,data\processed\yolo\labels\val\val_019_ebc18868864ad075548cc1784f4f9a237bb98335f9645ee727dac8332a3e3716.txt
449fe932622db3b49366a260ddd20077219f96fb2dc0f912ad4f60b087876f3b,val,val_020_449fe932622db3b49366a260ddd20077219f96fb2dc0f912ad4f60b087876f3b.png,256,256,44,265.8409,356.9091,0.00067138671875,data\processed\yolo\images\val\val_020_449fe932622db3b49366a260ddd20077219f96fb2dc0f912ad4f60b087876f3b.png,data\processed\yolo\labels\val\val_020_449fe932622db3b49366a260ddd20077219f96fb2dc0f912ad4f60b087876f3b.txt
be771d6831e3f8f1af4696bc08a582f163735db5baf9906e4729acc6a05e1187,val,val_021_be771d6831e3f8f1af4696bc08a582f163735db5baf9906e4729acc6a05e1187.png,320,256,18,961.9444,1482.1667,0.0002197265625,data\processed\yolo\images\val\val_021_be771d6831e3f8f1af4696bc08a582f163735db5baf9906e4729acc6a05e1187.png,data\processed\yolo\labels\val\val_021_be771d6831e3f8f1af4696bc08a582f163735db5baf9906e4729acc6a05e1187.txt
9520aff4efe87bd8f3901652fa2dde9b4bc9c679325966145ce00c1ca33f35de,val,val_022_9520aff4efe87bd8f3901652fa2dde9b4bc9c679325966145ce00c1ca33f35de.png,640,512,44,1140.5455,1509.6818,0.00013427734375,data\processed\yolo\images\val\val_022_9520aff4efe87bd8f3901652fa2dde9b4bc9c679325966145ce00c1ca33f35de.png,data\processed\yolo\labels\val\val_022_9520aff4efe87bd8f3901652fa2dde9b4bc9c679325966145ce00c1ca33f35de.txt
33618678c167c5e07be02c49d0c43bcd90493ba5d83110a631409a4d3ccc1e51,val,val_023_33618678c167c5e07be02c49d0c43bcd90493ba5d83110a631409a4d3ccc1e51.png,360,360,19,1614.4211,2228.7895,0.00014660493827160494,data\processed\yolo\images\val\val_023_33618678c167c5e07be02c49d0c43bcd90493ba5d83110a631409a4d3ccc1e51.png,data\processed\yolo\labels\val\val_023_33618678c167c5e07be02c49d0c43bcd90493ba5d83110a631409a4d3ccc1e51.txt
f6b16c885c0b2bc0d0eb2bb2eeb0a2753ebafb5a7a91da10e89b0b0478984637,val,val_024_f6b16c885c0b2bc0d0eb2bb2eeb0a2753ebafb5a7a91da10e89b0b0478984637.png,256,256,8,122.5,164.0,0.0001220703125,data\processed\yolo\images\val\val_024_f6b16c885c0b2bc0d0eb2bb2eeb0a2753ebafb5a7a91da10e89b0b0478984637.png,data\processed\yolo\labels\val\val_024_f6b16c885c0b2bc0d0eb2bb2eeb0a2753ebafb5a7a91da10e89b0b0478984637.txt
0280fa8f60f6bcae0f97d93c28f60be194f9309ff610dc5845e60455b0f87c21,val,val_025_0280fa8f60f6bcae0f97d93c28f60be194f9309ff610dc5845e60455b0f87c21.png,256,256,16,188.1875,251.9375,0.000244140625,data\processed\yolo\images\val\val_025_0280fa8f60f6bcae0f97d93c28f60be194f9309ff610dc5845e60455b0f87c21.png,data\processed\yolo\labels\val\val_025_0280fa8f60f6bcae0f97d93c28f60be194f9309ff610dc5845e60455b0f87c21.txt
b2c5d8653c621207e97b699e5c4c05d13df4f02d9db3e594b1f0c22e5b746aae,val,val_026_b2c5d8653c621207e97b699e5c4c05d13df4f02d9db3e594b1f0c22e5b746aae.png,256,256,24,143.375,188.375,0.0003662109375,data\processed\yolo\images\val\val_026_b2c5d8653c621207e97b699e5c4c05d13df4f02d9db3e594b1f0c22e5b746aae.png,data\processed\yolo\labels\val\val_026_b2c5d8653c621207e97b699e5c4c05d13df4f02d9db3e594b1f0c22e5b746aae.txt
cfabf7379c5591d40aa4a20c86b4197c6a25ab55887a9fca4f06c2dfc0f0e973,val,val_027_cfabf7379c5591d40aa4a20c86b4197c6a25ab55887a9fca4f06c2dfc0f0e973.png,360,360,25,1538.56,2049.96,0.00019290123456790122,data\processed\yolo\images\val\val_027_cfabf7379c5591d40aa4a20c86b4197c6a25ab55887a9fca4f06c2dfc0f0e973.png,data\processed\yolo\labels\val\val_027_cfabf7379c5591d40aa4a20c86b4197c6a25ab55887a9fca4f06c2dfc0f0e973.txt
40bcdad218ac5f0885fc247d88fcad9f729f55c81c79d241a8f1559b6d8c0574,val,val_028_40bcdad218ac5f0885fc247d88fcad9f729f55c81c79d241a8f1559b6d8c0574.png,256,256,12,197.3333,253.0833,0.00018310546875,data\processed\yolo\images\val\val_028_40bcdad218ac5f0885fc247d88fcad9f729f55c81c79d241a8f1559b6d8c0574.png,data\processed\yolo\labels\val\val_028_40bcdad218ac5f0885fc247d88fcad9f729f55c81c79d241a8f1559b6d8c0574.txt
55f98f43c152aa0dc8bea513f8ba558cc57494b81ae4ee816977816e79629c50,val,val_029_55f98f43c152aa0dc8bea513f8ba558cc57494b81ae4ee816977816e79629c50.png,320,256,27,370.4444,856.7037,0.00032958984375,data\processed\yolo\images\val\val_029_55f98f43c152aa0dc8bea513f8ba558cc57494b81ae4ee816977816e79629c50.png,data\processed\yolo\labels\val\val_029_55f98f43c152aa0dc8bea513f8ba558cc57494b81ae4ee816977816e79629c50.txt
d3ce382f190ee24729bd2e80684c11bef72bc9c733cdbbc19a17d2c1b2e775f7,val,val_030_d3ce382f190ee24729bd2e80684c11bef72bc9c733cdbbc19a17d2c1b2e775f7.png,256,256,8,144.5,199.125,0.0001220703125,data\processed\yolo\images\val\val_030_d3ce382f190ee24729bd2e80684c11bef72bc9c733cdbbc19a17d2c1b2e775f7.png,data\processed\yolo\labels\val\val_030_d3ce382f190ee24729bd2e80684c11bef72bc9c733cdbbc19a17d2c1b2e775f7.txt
1740b0a67ca337ea31648b57c81bcfbb841c7bb5cad185199a9f4da596d531b9,test,test_001_1740b0a67ca337ea31648b57c81bcfbb841c7bb5cad185199a9f4da596d531b9.png,256,256,9,184.7778,243.7778,0.0001373291015625,data\processed\yolo\images\test\test_001_1740b0a67ca337ea31648b57c81bcfbb841c7bb5cad185199a9f4da596d531b9.png,data\processed\yolo\labels\test\test_001_1740b0a67ca337ea31648b57c81bcfbb841c7bb5cad185199a9f4da596d531b9.txt
08275a5b1c2dfcd739e8c4888a5ee2d29f83eccfa75185404ced1dc0866ea992,test,test_002_08275a5b1c2dfcd739e8c4888a5ee2d29f83eccfa75185404ced1dc0866ea992.png,1024,1024,98,250.7551,342.6531,9.34600830078125e-05,data\processed\yolo\images\test\test_002_08275a5b1c2dfcd739e8c4888a5ee2d29f83eccfa75185404ced1dc0866ea992.png,data\processed\yolo\labels\test\test_002_08275a5b1c2dfcd739e8c4888a5ee2d29f83eccfa75185404ced1dc0866ea992.txt
aa83f5b4fca02ae43a6b9456ab42707b0beabc6e7c5c4e66c0d2572fb80f3615,test,test_003_aa83f5b4fca02ae43a6b9456ab42707b0beabc6e7c5c4e66c0d2572fb80f3615.png,256,256,8,157.0,202.875,0.0001220703125,data\processed\yolo\images\test\test_003_aa83f5b4fca02ae43a6b9456ab42707b0beabc6e7c5c4e66c0d2572fb80f3615.png,data\processed\yolo\labels\test\test_003_aa83f5b4fca02ae43a6b9456ab42707b0beabc6e7c5c4e66c0d2572fb80f3615.txt
c04fa1a74a980d790ba6f3e595fd9851f14370bb71c7cbb7846c33ca9d72687f,test,test_004_c04fa1a74a980d790ba6f3e595fd9851f14370bb71c7cbb7846c33ca9d72687f.png,256,256,56,130.6071,175.4464,0.0008544921875,data\processed\yolo\images\test\test_004_c04fa1a74a980d790ba6f3e595fd9851f14370bb71c7cbb7846c33ca9d72687f.png,data\processed\yolo\labels\test\test_004_c04fa1a74a980d790ba6f3e595fd9851f14370bb71c7cbb7846c33ca9d72687f.txt
1bd0f2b3000b7c7723f25335fabfcdddcdf4595dd7de1b142d52bb7a186885f0,test,test_005_1bd0f2b3000b7c7723f25335fabfcdddcdf4595dd7de1b142d52bb7a186885f0.png,360,360,23,1860.7391,2565.8261,0.00017746913580246913,data\processed\yolo\images\test\test_005_1bd0f2b3000b7c7723f25335fabfcdddcdf4595dd7de1b142d52bb7a186885f0.png,data\processed\yolo\labels\test\test_005_1bd0f2b3000b7c7723f25335fabfcdddcdf4595dd7de1b142d52bb7a186885f0.txt
610f32e2d9d270d740aec501dcf0c89595e4e623468ad43272adab90520a8f96,test,test_006_610f32e2d9d270d740aec501dcf0c89595e4e623468ad43272adab90520a8f96.png,320,256,55,464.6727,665.2,0.00067138671875,data\processed\yolo\images\test\test_006_610f32e2d9d270d740aec501dcf0c89595e4e623468ad43272adab90520a8f96.png,data\processed\yolo\labels\test\test_006_610f32e2d9d270d740aec501dcf0c89595e4e623468ad43272adab90520a8f96.txt
1023509cf8d4c155467800f89508690be9513431992f470594281cd37dbd020d,test,test_007_1023509cf8d4c155467800f89508690be9513431992f470594281cd37dbd020d.png,360,360,23,1856.5652,2448.3913,0.00017746913580246913,data\processed\yolo\images\test\test_007_1023509cf8d4c155467800f89508690be9513431992f470594281cd37dbd020d.png,data\processed\yolo\labels\test\test_007_1023509cf8d4c155467800f89508690be9513431992f470594281cd37dbd020d.txt
8d05fb18ee0cda107d56735cafa6197a31884e0a5092dc6d41760fb92ae23ab4,test,test_008_8d05fb18ee0cda107d56735cafa6197a31884e0a5092dc6d41760fb92ae23ab4.png,1024,1024,94,274.4681,362.1383,8.96453857421875e-05,data\processed\yolo\images\test\test_008_8d05fb18ee0cda107d56735cafa6197a31884e0a5092dc6d41760fb92ae23ab4.png,data\processed\yolo\labels\test\test_008_8d05fb18ee0cda107d56735cafa6197a31884e0a5092dc6d41760fb92ae23ab4.txt
4590d7d47f521df62f3bcb0bf74d1bca861d94ade614d8afc912d1009d607b94,test,test_009_4590d7d47f521df62f3bcb0bf74d1bca861d94ade614d8afc912d1009d607b94.png,320,256,81,401.6296,559.2469,0.00098876953125,data\processed\yolo\images\test\test_009_4590d7d47f521df62f3bcb0bf74d1bca861d94ade614d8afc912d1009d607b94.png,data\processed\yolo\labels\test\test_009_4590d7d47f521df62f3bcb0bf74d1bca861d94ade614d8afc912d1009d607b94.txt
b3b1626f8ad156acb2963d1faa6a368f9378a266c3b90d9321087fdc5b3032b4,test,test_010_b3b1626f8ad156acb2963d1faa6a368f9378a266c3b90d9321087fdc5b3032b4.png,360,360,27,1286.1481,1755.5556,0.00020833333333333335,data\processed\yolo\images\test\test_010_b3b1626f8ad156acb2963d1faa6a368f9378a266c3b90d9321087fdc5b3032b4.png,data\processed\yolo\labels\test\test_010_b3b1626f8ad156acb2963d1faa6a368f9378a266c3b90d9321087fdc5b3032b4.txt
3a3fee427e6ef7dfd0d82681e2bcee2d054f80287aea7dfa3fa4447666f929b9,test,test_011_3a3fee427e6ef7dfd0d82681e2bcee2d054f80287aea7dfa3fa4447666f929b9.png,256,256,56,294.25,397.375,0.0008544921875,data\processed\yolo\images\test\test_011_3a3fee427e6ef7dfd0d82681e2bcee2d054f80287aea7dfa3fa4447666f929b9.png,data\processed\yolo\labels\test\test_011_3a3fee427e6ef7dfd0d82681e2bcee2d054f80287aea7dfa3fa4447666f929b9.txt
2a2032c4ed78f3fc64de7e5efd0bec26a81680b07404eaa54a1744b7ab3f8365,test,test_012_2a2032c4ed78f3fc64de7e5efd0bec26a81680b07404eaa54a1744b7ab3f8365.png,360,360,22,1173.5455,1621.5,0.00016975308641975308,data\processed\yolo\images\test\test_012_2a2032c4ed78f3fc64de7e5efd0bec26a81680b07404eaa54a1744b7ab3f8365.png,data\processed\yolo\labels\test\test_012_2a2032c4ed78f3fc64de7e5efd0bec26a81680b07404eaa54a1744b7ab3f8365.txt
2c61fdcb36fd1b2944895af6204279e9f6c164ba894198b40c8b7a3c9bf500ea,test,test_013_2c61fdcb36fd1b2944895af6204279e9f6c164ba894198b40c8b7a3c9bf500ea.png,320,256,29,524.7241,742.3103,0.00035400390625,data\processed\yolo\images\test\test_013_2c61fdcb36fd1b2944895af6204279e9f6c164ba894198b40c8b7a3c9bf500ea.png,data\processed\yolo\labels\test\test_013_2c61fdcb36fd1b2944895af6204279e9f6c164ba894198b40c8b7a3c9bf500ea.txt
66236902b874b7e4b3891db63a69f6d56f6edcec6aca7ba3c6871d73e7b4c34f,test,test_014_66236902b874b7e4b3891db63a69f6d56f6edcec6aca7ba3c6871d73e7b4c34f.png,360,360,25,1948.84,2691.68,0.00019290123456790122,data\processed\yolo\images\test\test_014_66236902b874b7e4b3891db63a69f6d56f6edcec6aca7ba3c6871d73e7b4c34f.png,data\processed\yolo\labels\test\test_014_66236902b874b7e4b3891db63a69f6d56f6edcec6aca7ba3c6871d73e7b4c34f.txt
40946065f7e4b6038599fbfd419f2a67e7635b6f89db3ed6c0d67c8801521af1,test,test_015_40946065f7e4b6038599fbfd419f2a67e7635b6f89db3ed6c0d67c8801521af1.png,320,256,15,731.4667,1186.8,0.00018310546875,data\processed\yolo\images\test\test_015_40946065f7e4b6038599fbfd419f2a67e7635b6f89db3ed6c0d67c8801521af1.png,data\processed\yolo\labels\test\test_015_40946065f7e4b6038599fbfd419f2a67e7635b6f89db3ed6c0d67c8801521af1.txt
c901794d1a421d52e5734500c0a2a8ca84651fb93b19cec2f411855e70cae339,test,test_016_c901794d1a421d52e5734500c0a2a8ca84651fb93b19cec2f411855e70cae339.png,1388,1040,14,7244.0714,9553.7857,9.698514741742407e-06,data\processed\yolo\images\test\test_016_c901794d1a421d52e5734500c0a2a8ca84651fb93b19cec2f411855e70cae339.png,data\processed\yolo\labels\test\test_016_c901794d1a421d52e5734500c0a2a8ca84651fb93b19cec2f411855e70cae339.txt
e52960d31f8bddf85400259beb4521383f5ceface1080be3429f2f926cc9b5c2,test,test_017_e52960d31f8bddf85400259beb4521383f5ceface1080be3429f2f926cc9b5c2.png,696,520,130,643.6385,888.4231,0.00035919540229885057,data\processed\yolo\images\test\test_017_e52960d31f8bddf85400259beb4521383f5ceface1080be3429f2f926cc9b5c2.png,data\processed\yolo\labels\test\test_017_e52960d31f8bddf85400259beb4521383f5ceface1080be3429f2f926cc9b5c2.txt
8fdc34509a0c3721f7b5e235c8a93e1f553343aa17ad103a1e89e3509a3e1570,test,test_018_8fdc34509a0c3721f7b5e235c8a93e1f553343aa17ad103a1e89e3509a3e1570.png,256,256,36,265.0278,349.5833,0.00054931640625,data\processed\yolo\images\test\test_018_8fdc34509a0c3721f7b5e235c8a93e1f553343aa17ad103a1e89e3509a3e1570.png,data\processed\yolo\labels\test\test_018_8fdc34509a0c3721f7b5e235c8a93e1f553343aa17ad103a1e89e3509a3e1570.txt
573e1480b500c395f8d3f1800e1998bf553af0d3d43039333d33cf37d08f64e5,test,test_019_573e1480b500c395f8d3f1800e1998bf553af0d3d43039333d33cf37d08f64e5.png,256,256,12,158.8333,192.75,0.00018310546875,data\processed\yolo\images\test\test_019_573e1480b500c395f8d3f1800e1998bf553af0d3d43039333d33cf37d08f64e5.png,data\processed\yolo\labels\test\test_019_573e1480b500c395f8d3f1800e1998bf553af0d3d43039333d33cf37d08f64e5.txt
33a5b0ff232b425796ee6a9dd5b516ff9aad54ca723b4ec490bf5cd9b2e2a731,test,test_020_33a5b0ff232b425796ee6a9dd5b516ff9aad54ca723b4ec490bf5cd9b2e2a731.png,320,256,23,894.7826,1492.7391,0.00028076171875,data\processed\yolo\images\test\test_020_33a5b0ff232b425796ee6a9dd5b516ff9aad54ca723b4ec490bf5cd9b2e2a731.png,data\processed\yolo\labels\test\test_020_33a5b0ff232b425796ee6a9dd5b516ff9aad54ca723b4ec490bf5cd9b2e2a731.txt
7f34dfccd1bc2e2466ee3d6f74ff05821a0e5404e9cf2c9568da26b59f7afda5,test,test_021_7f34dfccd1bc2e2466ee3d6f74ff05821a0e5404e9cf2c9568da26b59f7afda5.png,320,256,55,397.6545,550.8545,0.00067138671875,data\processed\yolo\images\test\test_021_7f34dfccd1bc2e2466ee3d6f74ff05821a0e5404e9cf2c9568da26b59f7afda5.png,data\processed\yolo\labels\test\test_021_7f34dfccd1bc2e2466ee3d6f74ff05821a0e5404e9cf2c9568da26b59f7afda5.txt
1d4a5e729bb96b08370789cad0791f6e52ce0ffe1fcc97a04046420b43c851dd,test,test_022_1d4a5e729bb96b08370789cad0791f6e52ce0ffe1fcc97a04046420b43c851dd.png,256,256,27,125.7778,168.1111,0.0004119873046875,data\processed\yolo\images\test\test_022_1d4a5e729bb96b08370789cad0791f6e52ce0ffe1fcc97a04046420b43c851dd.png,data\processed\yolo\labels\test\test_022_1d4a5e729bb96b08370789cad0791f6e52ce0ffe1fcc97a04046420b43c851dd.txt
c35e6e3ea39a718e1b7aff66e4cc678efd662f9b5336b74d69c1d6bca7aaf288,test,test_023_c35e6e3ea39a718e1b7aff66e4cc678efd662f9b5336b74d69c1d6bca7aaf288.png,256,256,39,159.359,210.3333,0.0005950927734375,data\processed\yolo\images\test\test_023_c35e6e3ea39a718e1b7aff66e4cc678efd662f9b5336b74d69c1d6bca7aaf288.png,data\processed\yolo\labels\test\test_023_c35e6e3ea39a718e1b7aff66e4cc678efd662f9b5336b74d69c1d6bca7aaf288.txt
ef3ef194e5657fda708ecbd3eb6530286ed2ba23c88efb9f1715298975c73548,test,test_024_ef3ef194e5657fda708ecbd3eb6530286ed2ba23c88efb9f1715298975c73548.png,320,256,75,366.16,528.4667,0.00091552734375,data\processed\yolo\images\test\test_024_ef3ef194e5657fda708ecbd3eb6530286ed2ba23c88efb9f1715298975c73548.png,data\processed\yolo\labels\test\test_024_ef3ef194e5657fda708ecbd3eb6530286ed2ba23c88efb9f1715298975c73548.txt
ead9464a50a17f74bf1b6471d94ecce8d887cf518c8fedc6c6048eb948bc4e49,test,test_025_ead9464a50a17f74bf1b6471d94ecce8d887cf518c8fedc6c6048eb948bc4e49.png,256,256,6,183.1667,237.8333,9.1552734375e-05,data\processed\yolo\images\test\test_025_ead9464a50a17f74bf1b6471d94ecce8d887cf518c8fedc6c6048eb948bc4e49.png,data\processed\yolo\labels\test\test_025_ead9464a50a17f74bf1b6471d94ecce8d887cf518c8fedc6c6048eb948bc4e49.txt
e2d22d3d283915df8350d039278e314a23e6e8f2b41bdfc16df849e22dd13b36,test,test_026_e2d22d3d283915df8350d039278e314a23e6e8f2b41bdfc16df849e22dd13b36.png,256,256,42,141.6429,187.6667,0.000640869140625,data\processed\yolo\images\test\test_026_e2d22d3d283915df8350d039278e314a23e6e8f2b41bdfc16df849e22dd13b36.png,data\processed\yolo\labels\test\test_026_e2d22d3d283915df8350d039278e314a23e6e8f2b41bdfc16df849e22dd13b36.txt
6ab24e7e1f6c9fdd371c5edae1bbb20abeeb976811f8ab2375880b4483860f4d,test,test_027_6ab24e7e1f6c9fdd371c5edae1bbb20abeeb976811f8ab2375880b4483860f4d.png,320,256,20,1645.25,2339.15,0.000244140625,data\processed\yolo\images\test\test_027_6ab24e7e1f6c9fdd371c5edae1bbb20abeeb976811f8ab2375880b4483860f4d.png,data\processed\yolo\labels\test\test_027_6ab24e7e1f6c9fdd371c5edae1bbb20abeeb976811f8ab2375880b4483860f4d.txt
b67a6e5da8b1cfa5319d94a7d3f8b706725753346c37a4636bf7382e98b3c5df,test,test_028_b67a6e5da8b1cfa5319d94a7d3f8b706725753346c37a4636bf7382e98b3c5df.png,256,256,11,190.1818,244.2727,0.0001678466796875,data\processed\yolo\images\test\test_028_b67a6e5da8b1cfa5319d94a7d3f8b706725753346c37a4636bf7382e98b3c5df.png,data\processed\yolo\labels\test\test_028_b67a6e5da8b1cfa5319d94a7d3f8b706725753346c37a4636bf7382e98b3c5df.txt
6aa7dd0c88bec4f96cdd497f9c37779733033d9ec6513307461302d36bd32ac7,test,test_029_6aa7dd0c88bec4f96cdd497f9c37779733033d9ec6513307461302d36bd32ac7.png,256,256,10,193.2,246.1,0.000152587890625,data\processed\yolo\images\test\test_029_6aa7dd0c88bec4f96cdd497f9c37779733033d9ec6513307461302d36bd32ac7.png,data\processed\yolo\labels\test\test_029_6aa7dd0c88bec4f96cdd497f9c37779733033d9ec6513307461302d36bd32ac7.txt
930f246a8e4ff273a72a6e4b3cf8e8caff94fca4eaf1dbe6f93ba37b8195c0a0,test,test_030_930f246a8e4ff273a72a6e4b3cf8e8caff94fca4eaf1dbe6f93ba37b8195c0a0.png,256,256,41,91.7317,129.6098,0.0006256103515625,data\processed\yolo\images\test\test_030_930f246a8e4ff273a72a6e4b3cf8e8caff94fca4eaf1dbe6f93ba37b8195c0a0.png,data\processed\yolo\labels\test\test_030_930f246a8e4ff273a72a6e4b3cf8e8caff94fca4eaf1dbe6f93ba37b8195c0a0.txt
